id,first_name,last_name,email,gender,ip_address
1,Kacie,Iacobacci,kiacobacci0@yelp.com,Female,221.88.167.158
2,Anabel,Vickors,avickors1@marriott.com,Female,127.157.211.216
3,Tatiana,Everal,teveral2@google.co.jp,Female,35.207.26.38
4,Winnah,Eiler,weiler3@joomla.org,Female,191.141.23.123
5,Herman,Warren,hwarren4@prnewswire.com,Male,4.145.5.94
6,Felipe,Andrey,fandrey5@sciencedirect.com,Male,93.46.37.152
7,Claretta,McGowing,cmcgowing6@baidu.com,Female,147.4.186.199
8,Calhoun,Alessandretti,calessandretti7@usnews.com,Male,184.214.232.105
9,Aeriel,Cressingham,acressingham8@vkontakte.ru,Female,148.3.29.47
10,Costa,Dulany,cdulany9@gmpg.org,Male,181.128.105.123
